model,R2,RMSE,MAE,target,scale
DecisionTree,0.9774669777139947,0.12968060962249536,0.08089435562453877,log_total_amount,log
LinearRegression,0.9212978723244388,0.24235866805920905,0.18219548349325404,log_total_amount,log
